"","predicate","correctresponse"
"1","bad",0.635151515151515
"2","big",0.853894736842105
"3","blue",0.212179487179487
"4","brown",0.242702702702703
"5","fresh",0.55702380952381
"6","good",0.738899082568807
"7","green",0.196607142857143
"8","hard",0.586153846153846
"9","huge",0.860253164556962
"10","long",0.854246575342466
"11","metal",0.100752688172043
"12","new",0.648034188034188
"13","old",0.569428571428571
"14","plastic",0.146129032258065
"15","purple",0.250898876404494
"16","red",0.273648648648649
"17","rotten",0.51375
"18","round",0.411891891891892
"19","short",0.804383561643836
"20","small",0.76948717948718
"21","smooth",0.63424778761062
"22","soft",0.67701030927835
"23","square",0.396168224299065
"24","tiny",0.759125
"25","wooden",0.100714285714286
"26","yellow",0.236329113924051
